Borough,Population,Total,Rate
StatenIsland,490687,4120,0.839639118
Manhattan,1597451,19876,1.244232217
Bronx,1356476,29695,2.1891283
Queens,2252196,27608,1.225825816
Brooklyn,2561225,22482,0.877783092
